<?xml version="1.0" encoding="UTF-8"?><layout version="17" mode="3" w="360" h="640" orientation="horizontal"><tabpage name="" scalef="0.0" scalet="100.0" li_t="" li_c="gray" li_s="14" li_o="false" li_b="false" la_t="" la_c="gray" la_s="14" la_o="false" la_b="false" ><control name="ZmFkZXIx" x="52" y="250" w="50" h="254" color="purple" scalef="0.0" scalet="1.0" osc_cs="L2x1ejE=" type="faderv" response="absolute" inverted="true" centered="false" ></control><control name="ZmFkZXIy" x="121" y="250" w="50" h="254" color="purple" scalef="0.0" scalet="1.0" osc_cs="L2x1ejI=" type="faderv" response="absolute" inverted="true" centered="false" ></control><control name="ZmFkZXIz" x="190" y="250" w="50" h="254" color="purple" scalef="0.0" scalet="1.0" osc_cs="L2x1ejM=" type="faderv" response="absolute" inverted="true" centered="false" ></control><control name="ZmFkZXI1" x="259" y="250" w="50" h="254" color="purple" scalef="0.0" scalet="1.0" osc_cs="L2x1ejQ=" type="faderv" response="absolute" inverted="true" centered="false" ></control><control name="cHVzaDE=" x="212" y="109" w="75" h="45" color="red" scalef="0.0" scalet="0.0" osc_cs="L2dsb2JhbA==" type="push" local_off="false" sp="true" sr="false" ></control><control name="cHVzaDI=" x="75" y="109" w="71" h="45" color="green" scalef="0.0" scalet="1.0" osc_cs="L2dsb2JhbA==" type="push" local_off="false" sp="true" sr="false" ></control><control name="ZmFkZXI2" x="79" y="39" w="200" h="33" color="orange" scalef="0.0" scalet="50.0" osc_cs="L2dsb2JhbC9mZA==" type="faderh" response="absolute" inverted="false" centered="false" ></control><control name="bGFiZWwx" x="71" y="84" w="80" h="25" color="green" type="labelh" text="QWxsIEZ1bGw=" size="14" background="true" outline="false" ></control><control name="bGFiZWwy" x="209" y="84" w="80" h="25" color="red" type="labelh" text="QWxsIE91dA==" size="14" background="true" outline="false" ></control><control name="bGFiZWwz" x="129" y="12" w="100" h="25" color="orange" type="labelh" text="RmFkZSBTcGVlZA==" size="14" background="true" outline="false" ></control><control name="bGFiZWw0" x="52" y="174" w="50" h="25" color="yellow" type="labelh" text="MQ==" size="15" background="true" outline="false" ></control><control name="bGFiZWw2" x="121" y="174" w="50" h="25" color="yellow" type="labelh" text="Mg==" size="15" background="true" outline="false" ></control><control name="bGFiZWw3" x="259" y="174" w="50" h="25" color="yellow" type="labelh" text="NA==" size="15" background="true" outline="false" ></control><control name="bGFiZWw4" x="190" y="174" w="50" h="25" color="yellow" type="labelh" text="Mw==" size="15" background="true" outline="false" ></control><control name="cHVzaDM=" x="52" y="205" w="50" h="37" color="green" scalef="0.0" scalet="1.0" osc_cs="L2x1ejEvZnVsbA==" type="push" local_off="false" sp="true" sr="false" ></control><control name="cHVzaDU=" x="52" y="512" w="50" h="37" color="red" scalef="0.0" scalet="0.0" osc_cs="L2x1ejEvZnVsbA==" type="push" local_off="false" sp="true" sr="false" ></control><control name="cHVzaDY=" x="259" y="512" w="50" h="37" color="red" scalef="0.0" scalet="0.0" osc_cs="L2x1ejQvZnVsbA==" type="push" local_off="false" sp="true" sr="false" ></control><control name="cHVzaDc=" x="189" y="512" w="50" h="37" color="red" scalef="0.0" scalet="0.0" osc_cs="L2x1ejMvZnVsbA==" type="push" local_off="false" sp="true" sr="false" ></control><control name="cHVzaDg=" x="121" y="512" w="50" h="37" color="red" scalef="0.0" scalet="0.0" osc_cs="L2x1ejIvZnVsbA==" type="push" local_off="false" sp="true" sr="false" ></control><control name="cHVzaDk=" x="259" y="205" w="50" h="37" color="green" scalef="0.0" scalet="1.0" osc_cs="L2x1ejQvZnVsbA==" type="push" local_off="false" sp="true" sr="false" ></control><control name="cHVzaDEw" x="190" y="205" w="50" h="37" color="green" scalef="0.0" scalet="1.0" osc_cs="L2x1ejMvZnVsbA==" type="push" local_off="false" sp="true" sr="false" ></control><control name="cHVzaDEx" x="121" y="205" w="50" h="37" color="green" scalef="0.0" scalet="1.0" osc_cs="L2x1ejIvZnVsbA==" type="push" local_off="false" sp="true" sr="false" ></control></tabpage></layout>